{
    "timestamp": "2025-10-29T16:43:26.092391",
    "model_path": "C:\\Users\\soumy\\OneDrive\\Desktop\\AI-PrognosAI\\milestone_2_model_training\\saved_models\\lstm_rul_model_FD001.h5",
    "test_csv": "C:\\Users\\soumy\\OneDrive\\Desktop\\AI-PrognosAI\\milestone_1_data_preparation\\processed_data\\test_processed_FD001.csv",
    "overall_metrics": {
        "mse": 503.2735900878906,
        "rmse": 22.433760052382897,
        "mae": 15.367171287536621,
        "r2_score": 0.7085630893707275,
        "mape": 21.773604815686845,
        "max_error": 93.70051574707031
    },
    "threshold": 30.0,
    "passed_threshold": true,
    "range_analysis": [
        {
            "range": "0-50",
            "count": 30,
            "rmse": 5.446968866569188,
            "mae": 4.34887170791626,
            "mean_error": 3.12578919728597,
            "std_error": 4.460819764159787
        },
        {
            "range": "50-100",
            "count": 36,
            "rmse": 26.85438435310657,
            "mae": 19.22748565673828,
            "mean_error": 10.946674876742893,
            "std_error": 24.521996444869714
        },
        {
            "range": "100-150",
            "count": 34,
            "rmse": 26.276573463605967,
            "mae": 21.00180435180664,
            "mean_error": 8.38606351964614,
            "std_error": 24.902455506618946
        }
    ],
    "sample_count": 100
}